pais;destino;tour_id;nombre_actividad;url;proveedor;total_reseñas;precio_original;precio_promocion;moneda
Chile;San pedro de atacama;839764;Desde San Pedro de Atacama: Excursión de 3 días al Salar de Uyuni;https://www.getyourguide.com/san-pedro-de-atacama-l1862/from-san-pedro-de-atacama-3-day-uyuni-salt-flat-tour-t839764/;XPLORA AMERICA;0;330;0;USD
Chile;Hanga roa;1248893;Inmersión en Rapa Nui para buceadores experimentados con certificación;https://www.getyourguide.com/hanga-roa-l32636/certified-dive-in-rapa-nui-t1248893/;Conexion chile SPA;0;270;0;USD
Chile;San pedro de atacama;790298;Purilibre: senderismo con cactus ancestrales y aguas medicinales;https://www.getyourguide.com/san-pedro-de-atacama-l1862/purilibre-trekking-with-ancient-cacti-and-medicinal-waters-t790298/;White & Green International Travel;0;54;0;USD
Chile;Santa cruz chile;869410;Palmilla: pícnic;https://www.getyourguide.com/santa-cruz-chile-l182361/palmilla-picnics-tour-t869410/;Viña MontGras;0;44;0;USD
Chile;San pedro de atacama;1221331;San Pedro de Atacama: tour en buggy por el desierto de Atacama;https://www.getyourguide.com/san-pedro-de-atacama-l1862/san-pedro-de-atacama-atacama-desert-buggy-tour-t1221331/;View Travel;0;145;0;USD
Chile;San pedro de atacama;604409;Excursión al Valle del Arco Iris + Petroglifos (Yerbas Buenas);https://www.getyourguide.com/san-pedro-de-atacama-l1862/rainbow-valley-tour-petroglyphs-yerbas-buenas-t604409/;Whipala Expedition;0;40;0;USD
Chile;Santa rita;688122;ATARDECER EN VIÑA ALYAN;https://www.getyourguide.com/santa-rita-l187521/sunset-vina-alyan-t688122/;Tripantur;0;110;0;USD
Chile;San pedro de atacama;402849;San Pedro de Atacama: Excursión de senderismo al Cañón de las Piscinas;https://www.getyourguide.com/san-pedro-de-atacama-l1862/san-pedro-de-atacama-natural-swimming-pools-in-a-canyon-t402849/;PUKARUMI TRAVEL AGENCY;0;52.39;0;USD
Chile;San pedro de atacama;574351;San Pedro de Atacama: Piedras Rojas y Lagunas Altiplánicas;https://www.getyourguide.com/san-pedro-de-atacama-l1862/san-pedro-de-atacama-piedras-rojas-y-lagunas-altiplanicas-t574351/;MUNDO AFORA AGENCIA DE VIAGENS;14;111.05;0;USD
Chile;San pedro de atacama;632997;Excursión triple: Piedras rojas, lagunas del altiplano y laguna Chaxa;https://www.getyourguide.com/san-pedro-de-atacama-l1862/triple-tour-red-stones-highland-lagoons-and-chaxa-lagoon-t632997/;Layana Travel;0;89;0;USD
Chile;Puerto natales;1170017;Puerto Natales: pesca con mosca, equipo, almuerzo y traslado;https://www.getyourguide.com/puerto-natales-l32145/puerto-natales-fly-fishing-tour-with-gear-lunch-transfer-t1170017/;The Adventure Corp;0;1200;0;USD
Chile;San pedro de atacama;1249624;Nuestro tour: valle Arcoiris, Yerbas Buenas y té en Atacama;https://www.getyourguide.com/san-pedro-de-atacama-l1862/rainbow-valley-and-yerbas-buenas-tour-with-tea-en-atacama-t1249624/;View Travel;0;71;0;USD
Chile;San pedro de atacama;544836;Desde el Salar de Uyuni: Excursión de 2 días a San Pedro de Atacama;https://www.getyourguide.com/san-pedro-de-atacama-l1862/from-uyuni-salt-flats-2-day-tour-to-san-pedro-de-atacama-t544836/;Mundicontact Expeditions Tour Operator;0;925;0;USD
Chile;San pedro de atacama;1049267;Tour Astronómico en San Pedro de Atacama incluye Transfer, Foto y Coctel;https://www.getyourguide.com/san-pedro-de-atacama-l1862/astronomy-tour-in-san-pedro-de-atacama-includes-transfer-photo-and-cocktail-t1049267/;Guiastours;0;59;0;USD
Chile;San pedro de atacama;788806;San Pedro de Atacama: Excursión al Valle del Arco Iris y Petroglifos;https://www.getyourguide.com/san-pedro-de-atacama-l1862/san-pedro-de-atacama-rainbow-valley-and-petroglyphs-tour-t788806/;White & Green International Travel;0;55;0;USD
Chile;San pedro de atacama;650581;VALLECITO;https://www.getyourguide.com/san-pedro-de-atacama-l1862/vallecito-t650581/;Exploor Trip E.R.L;0;62;0;USD
Chile;San pedro de atacama;814004;Termas de Puritama - Tour : San Pedro de Atacama - Chile;https://www.getyourguide.com/san-pedro-de-atacama-l1862/puritama-hot-springs-tour-san-pedro-de-atacama-chile-t814004/;Vendedor de Sueños;8;55.97;0;USD
Chile;San pedro de atacama;858065;LAGUNA DE CEJAR, OJOS DE SAL Y LAGUNA DE TEBINQUINCHE;https://www.getyourguide.com/san-pedro-de-atacama-l1862/cejar-lagoon-salt-eyes-and-tebinquinche-lagoon-t858065/;Inspires Viagens;0;62;0;USD
Chile;Vicuna;1187419;Valle del Elqui: Taller técnicas de mindfulness en la naturaleza;https://www.getyourguide.com/vicuna-l226305/elqui-valley-mindfulness-techniques-workshop-in-nature-t1187419/;Collasuyo Astronómico spa.;0;65;0;USD
Chile;San pedro de atacama;865014;Reserva tours, atracciones y actividades;https://www.getyourguide.com/san-pedro-de-atacama-l1862/purilibre-trekking-t865014/;Desconocido;0;0;0;USD
Chile;Valparaiso;226081;Traslado desde Hotel o Puerto en Valparaíso a Santiago;https://www.getyourguide.com/valparaiso-l880/transfer-from-hotel-or-port-in-valparaiso-to-santiago-t226081/;Ruta Chile;0;130;0;USD
Chile;Pucon;1309028;Pucón: Vive una Experiencia Termal Única, Parque Termal Botánico;https://www.getyourguide.com/pucon-l143357/pucon-enjoy-a-unique-hot-springs-experience-botanical-hot-springs-park-t1309028/;Pucón Tour;0;120;114;USD
Chile;Pucon;1317625;Pucón: día de esquí en el volcán Villarrica con equipamiento y forfait;https://www.getyourguide.com/pucon-l143357/pucon-villarrica-volcano-ski-day-with-equipment-pass-t1317625/;Turismo Expediciones Aguaventura;0;157.18;0;USD
Chile;San pedro de atacama;992870;Paseo guiado Cerro Toco - San Pedro de Atacama;https://www.getyourguide.com/san-pedro-de-atacama-l1862/guided-hike-cerro-toco-san-pedro-de-atacama-t992870/;Conexion chile SPA;0;180;0;USD
Chile;San pedro de atacama;190865;Salar de Atacama y lagunas altiplánicas;https://www.getyourguide.com/san-pedro-de-atacama-l1862/salar-de-atacama-altiplanic-lagoons-and-toconao-day-tour-t190865/;Ruta Chile;16;78;0;USD
Chile;San pedro de atacama;794272;SAN PEDRO DE ATACAMA - UYUNI - SAN PEDRO DE ATACAMA;https://www.getyourguide.com/san-pedro-de-atacama-l1862/san-pedro-de-atacama-uyuni-san-pedro-de-atacama-t794272/;Todo Turismo;0;430;0;USD
Chile;Valparaiso;1213101;Desde Santiago: Valparaíso y Viña del Mar + paseo en barco por la costa;https://www.getyourguide.com/valparaiso-l880/discover-the-jewel-of-the-pacific-a-day-in-valparaiso-and-vina-del-mar-t1213101/;transporte y turismo Droguett;0;42;34.44;USD
Chile;San pedro de atacama;972171;San Pedro de Atacama: el Valle de la Luna;https://www.getyourguide.com/san-pedro-de-atacama-l1862/san-pedro-de-atacama-moon-valley-t972171/;Trip 360;0;60;0;USD
Chile;Hanga roa;123506;Isla de Pascua: Destacados Tour Privado;https://www.getyourguide.com/hanga-roa-l32636/easter-island-highlights-private-tour-t123506/;KAVA KAVA TOURS;0;200;0;USD
Chile;Pucon;1221019;Volcan Villarrica: Downhill con guia experto;https://www.getyourguide.com/pucon-l143357/villarrica-volcano-downhill-with-an-expert-guide-t1221019/;Turismo Expediciones Aguaventura;0;197.93;0;USD
Chile;San pedro de atacama;1282406;San Pedro de Atacama: Tour Astronómico "Bajo la Noche de Atacama";https://www.getyourguide.com/san-pedro-de-atacama-l1862/san-pedro-de-atacama-under-the-atacama-night-astronomical-tour-t1282406/;Bajo la Noche de Atacama;0;45;0;USD
