Ciudad / Destino,País,2024-12,2025-01,2025-02,2025-03,2025-04,2025-05,2025-06,2025-07,2025-08,2025-09,2025-10,2025-11,2025-12,2026-01,2026-02,2026-03,2026-04
Buenos Aires,Argentina,0.31393996158350557,0.3406998271419159,0.36557104643276017,0.3317262070795816,0.38069852562795703,0.36276115559886496,0.3106036721892503,0.28913053446765313,0.32755551835709806,0.33435259879924806,0.3015441345820037,0.33611717805708213,0.33848554384235474,0.31966537704146436,0.3537338975882368,0.27450241438168277,0.3938301304883205
San Carlos de Bariloche,Argentina,0.07234112380892956,0.05581446431243458,0.07050791934025381,0.05258959576999044,0.09462967126660694,0.08076791188971309,0.08603148427266744,0.10711795531958287,0.06007847463088193,0.02347534842593585,0.0777504870161111,0.08733306561047509,0.0666700422574262,0.08361358585259414,0.05957190930776972,0.1645335418372024,0.0667566167790389
Mendoza,Argentina,0.11189463420521946,0.07556754390716557,0.10648775970847418,0.10724793302741184,0.123470825706381,0.09343738963954329,0.21779308373772818,0.08936921955811133,0.07113938397415429,0.12046864075550977,0.06124039543068949,0.09999858121980494,0.14436193161341468,0.08357511402312426,0.11755790127166882,0.0611289914855197,0.1533316675336646
El Calafate,Argentina,0.2544634047207363,0.20192012962785005,0.21482298918069764,0.21663102591853198,0.16436999357125864,0.1758914248110716,0.07463716767941116,0.17736496304336263,0.2128059545995098,0.12687558554969536,0.2504870752697555,0.1917164148104582,0.2231698408138031,0.28344562734948237,0.22529823259175286,0.23474496914424584,0.11955177605124326
Puerto Iguazú,Argentina,0.026731077951573267,0.06919129522994973,0.060198393801744486,0.0657061912760626,0.05405258071622254,0.04359380080907497,0.08362917141985692,0.08618161094110229,0.057615475867671864,0.12394421808711638,0.0624685689131023,0.051884007254776376,0.04656488629057492,0.058881475554979024,0.06271857367353222,0.04430923453659782,0.09202890473567517
Resto Argentina,Argentina,0.22062979773003571,0.25680673978068425,0.18241189153606974,0.2260990469284216,0.18277840311157384,0.24354831725173207,0.2273054207010861,0.2508357166701877,0.2708051925706842,0.2708836083824947,0.24650933878833806,0.23295075304740331,0.18074775518242645,0.17081882017835573,0.1811194855670397,0.22078084861475133,0.1745009044120575
Río de Janeiro,Brasil,0.6502696069787841,0.7047268464539549,0.7144277138675292,0.684465498293682,0.648637852054761,0.613212550037016,0.664238957137707,0.6641873176724155,0.7248929500108963,0.6200050626993462,0.6840432180319933,0.7358772592702373,0.7900038041425277,0.7271009824816645,0.7026852693234439,0.7575452064438001,0.7403686829143563
Foz de Iguazú,Brasil,0.061568738504185046,0.035295799787603825,0.05084194321624826,0.04485653524639558,0.08894494487075302,0.12298200184074724,0.08268001882445003,0.09918116179435817,0.12074083363384888,0.16436361720799383,0.05875030973573336,0.06288571574922998,0.06934896848392771,0.05805570092153239,0.08522715147966532,0.05234345834459597,0.05921030008950229
Florianópolis,Brasil,0.046838826919157944,0.025278391297555245,0.05724742984551856,0.02877583327970794,0.045472364387821096,0.01709123824865464,0.02660655504280857,0.05544514879920686,0.0,0.011442227835979878,0.02239096435808191,0.039588799817947905,0.012453481564581134,0.02520115776164905,0.036563614289049196,0.0335122048281174,0.01630462007509867
São Paulo,Brasil,0.1496959990642229,0.1398749795297901,0.10251662752726574,0.12935163037086908,0.15634204966659698,0.17712892249608608,0.14021154709166578,0.10174147089881738,0.11388912068967917,0.18351651164578825,0.1760870935294688,0.11211404286286128,0.07270365436307841,0.13705951290749385,0.13540460073661983,0.11242973252966722,0.1485111663895927
Salvador de Bahía,Brasil,0.03071138386430402,0.06984282307813414,0.025657071504190984,0.09082857894005922,0.025688804644677276,0.05158262355342552,0.03522590217731412,0.030737625771850144,0.029321011129815173,0.010020648881450628,0.03127234144072889,0.012843335207859059,0.02371739215854242,0.022514281484111418,0.023604232869107414,0.026996100170050167,0.009644770201213146
Resto Brasil,Brasil,0.060915444669346064,0.024981159852961867,0.049309214039247234,0.021721923869286192,0.03491398437539078,0.018002663824070397,0.05103701972605436,0.04870727506335205,0.011156084535760379,0.010651931729441195,0.027456072903993815,0.036690847091864494,0.03177269928734271,0.030068364443548767,0.0165151313021144,0.017173297683769274,0.02596046033023695
San Pedro de Atacama,Chile,0.17645009391006009,0.5419293329847752,0.24960171311043605,0.3207011236262669,0.49319499729059996,0.4418005523402138,0.4688862662246228,0.42886890174718556,0.34715640783846935,0.3875694483922374,0.2290362418115716,0.25870467493909344,0.24823660486395752,0.24749640408916024,0.285137127049005,0.27534031850843593,0.3765445214948317
Puerto Natales,Chile,0.3824117432599633,0.14455387260418806,0.24108404709907452,0.1638750776926561,0.15069089509687902,0.05165375464889662,0.13186716562362183,0.20776190989362892,0.29451956300917126,0.2804714690927924,0.25752466265738944,0.29220416933063936,0.2669129912157738,0.2723143446021213,0.18531979336505033,0.1805222958227099,0.14705232127707382
Santiago,Chile,0.26778280683492817,0.16381132963052447,0.3015239493516959,0.29170279644399705,0.14833677112717902,0.229423562297528,0.20430474247389552,0.23227970336194564,0.18406998609931388,0.16590136310574136,0.26524752240096294,0.27842968547041486,0.31409841077351197,0.2384830749896515,0.33203817843475003,0.36134105964352053,0.3485743688385358
Rapa Nui,Chile,0.018031440266215656,0.011473272870841237,0.014164206023329328,0.05592325918808996,0.059833171293084096,0.21367868648497632,0.08980704309945714,0.023272938240344668,0.03874258801517138,0.03340040459625097,0.04244903538301504,0.050572273437684674,0.033188307654942635,0.09035026047687468,0.07875672911791312,0.05897594642436217,0.016279433317009245
Resto Chile,Chile,0.15532391572883295,0.13823219190967087,0.19362608441546425,0.16779774304898992,0.14794416519225786,0.06344344422838516,0.1051347825784026,0.10781654675689523,0.1355114550378743,0.13265731481297796,0.2057425377470611,0.12008919682216772,0.1375636854918141,0.1513559158421923,0.11874817203328147,0.12382037960097135,0.11154935507254951
Cartagena de Indias,Colombia,0.47801458838207384,0.3908121426168905,0.3330236898286474,0.3124516611145713,0.38272878852095144,0.3934019628918748,0.447513383704109,0.3765715648836916,0.23888144520888668,0.2557185362616651,0.41755637167643095,0.2894119935358447,0.3772061050905814,0.30859233842308176,0.36974994301404096,0.3044839686950491,0.37939554275790793
Medellín,Colombia,0.2968128164647491,0.29193595701947384,0.3239153106154583,0.4455775036686275,0.2870797639381823,0.3861081581043757,0.3373756691240648,0.4212187541576093,0.45643174022381827,0.4107724144486804,0.28224005379449185,0.4398197842954845,0.2990822829282352,0.4269417489398383,0.35640310516754353,0.3633235466748733,0.3156454339647364
Bogotá,Colombia,0.1686180091722884,0.21997225113568253,0.18756334687100126,0.13993072879848445,0.16615597017060868,0.07837784284492066,0.08348737457929653,0.14401056634813414,0.15921445570200915,0.164075458863385,0.11884275214518777,0.10746116621318018,0.2158361399797333,0.0971667438011727,0.1294895025064607,0.1549403900421917,0.17211157758573895
Resto Colombia,Colombia,0.0565545859808888,0.09727964922795306,0.15549765268489307,0.10204010641831691,0.16403547737025764,0.14211203615882867,0.13162357259252963,0.058199114610564893,0.14547235886528603,0.16943359042626951,0.18136082238388954,0.1633070559554906,0.10787547200145012,0.16729916883590729,0.14435744931195482,0.1772520945878859,0.13284744569161677
Cancún / Riviera Maya,México,0.48132135378554175,0.4039946274917658,0.3330036989429197,0.4284564588196465,0.3624296261682754,0.3056772233367061,0.31295928655784017,0.3077422596932297,0.4246910587230799,0.3364467147597957,0.28585089776952677,0.3450216894951008,0.44884585229622315,0.38301661529306735,0.3861015565763936,0.3445338775136443,0.40490789074242994
Ciudad de México,México,0.47426075757814845,0.5527197192767687,0.6136646956951283,0.5205977995915684,0.5917706301232603,0.6214385942969114,0.6161255346427392,0.6253086704339705,0.524885193294996,0.6005267953341797,0.6468150294812002,0.5833651554782392,0.4940266905799655,0.5636531269589953,0.5679290389451332,0.608574957735872,0.5667071848273741
Resto México,México,0.04441788863630969,0.043285653231465514,0.05333160536195188,0.050945741588785155,0.045799743708464194,0.07288418236638261,0.07091517879942053,0.0669490698727998,0.050423747981924005,0.06302648990602455,0.06733407274927317,0.07161315502666013,0.05712745712381129,0.05333025774793742,0.045969404478473044,0.04689116475048374,0.028384924430195944
Cusco,Perú,0.565328092707826,0.48845093504008397,0.49536723099105556,0.5586527093129471,0.6103937230632879,0.6430395764715637,0.4869097600878833,0.6081190741241659,0.634175285181693,0.521127859951632,0.5593093280430446,0.4542539346744502,0.5633884019906116,0.5272458426485216,0.5367468166457177,0.5101553508518006,0.6151838745164431
Lima,Perú,0.2548543670638511,0.2665434861743487,0.2774269746984762,0.2834378660197695,0.2283627369953763,0.195294824766546,0.19988986577386877,0.21737240971587815,0.17345825726016703,0.23954936845700855,0.22772513301794697,0.29199406638819486,0.2441266394852588,0.2698755764312959,0.28100311440831466,0.3275246197393733,0.16325113138381306
Resto Peru,Perú,0.179817540228323,0.24500557878556728,0.2272057943104682,0.1579094246672834,0.16124353994133586,0.16166559876189024,0.313200374138248,0.17450851615995602,0.19236645755813994,0.23932277159135948,0.21296553893900852,0.2537519989373549,0.19248495852412958,0.20287858092018254,0.18225006894596782,0.16232002940882614,0.22156499409974387
