tour_id,precio_original,precio_usd
880239,"FromCL$41,834per person",44.92
430192,"FromCL$92,964per person",99.81
1187945,"FromCL$37,186per person",39.93
490986,"FromCL$332,810per person",357.33
187677,"FromCL$204,520per person",219.59
385918,"FromCL$108,768per person",116.78
430281,"FromCL$106,908per person",114.79
866539,"FromCL$199,872per person",214.6
736365,"FromCL$292,836per person",314.41
898550,NO ENCONTRADO,
476403,"FromCL$10,226per person",10.98
549603,"FromCL$147,812per person",158.7
1278043,"FromCL$56,255per person",60.4
544770,"FromCL$35,326per person",37.93
726729,"FromCL$65,075CL$58,567per person",6987062.88
806253,"FromCL$65,075per person",69.87
1250609,"FromCL$83,667per person",89.83
873861,"FromCL$41,834per person",44.92
469111,"FromCL$33,522per person",35.99
492345,"FromCL$390,448per person",419.22
617070,"FromCL$74,371per person",79.85
1307139,"FromCL$232,409per person",249.53
873453,"FromCL$41,834per person",44.92
419453,"FromCL$125,501per person",134.75
492394,"FromCL$204,520per person",219.59
216579,"FromCL$110,627per person",118.78
1280895,"FromCL$37,186per person",39.93
396850,"FromCL$389,518per person",418.22
1252203,"FromCL$92,964per person",99.81
994132,"FromCL$56,429per person",60.59
1216655,"FromCL$26,960per person",28.95
179357,"FromCL$41,834per person",44.92
864532,"FromCL$251,002per group up to 4",2694.97
769644,"FromCL$37,186CL$29,748per person",3992634.05
1156904,"FromCL$41,834per person",44.92
824967,"FromCL$23,790per person",25.54
828237,"FromCL$73,749per person",79.18
1221289,"FromCL$113,416per person",121.77
1120086,"FromCL$539,190per group up to 5",5789.2
275697,"FromCL$50,200per person",53.9
1025402,"FromCL$99,471per person",106.8
1158951,"FromCL$47,580CL$40,443per person",5108632.9
1150088,"FromCL$48,341per person",51.9
1232658,"FromCL$21,627per person",23.22
1319562,"FromCL$69,723per person",74.86
1045659,"FromCL$92,964per group up to 1",998.14
601991,"FromCL$92,964per person",99.81
1145147,"FromCL$43,693per person",46.91
1145383,"FromCL$4,276,335per group up to 2",45914.34
1281038,"FromCL$134,798per person",144.73
1329037,"FromCL$27,889per person",29.94
593543,"FromCL$262,158per person",281.47
288540,"FromCL$138,516CL$110,813per person",148722561.08
939901,"FromCL$91,916per person",98.69
572613,"FromCL$66,934per person",71.87
981271,"FromCL$105,979per person",113.79
1094604,"FromCL$23,241per person",24.95
385551,"FromCL$27,889per person",29.94
1261891,"FromCL$106,908per person",114.79
607385,"FromCL$81,808per person",87.84
1169055,"FromCL$276,102per person",296.45
1104151,"FromCL$110,627per person",118.78
344106,"FromCL$32,537per person",34.93
1192028,"FromCL$88,316per person",94.82
535175,"FromCL$81,808per person",87.84
843619,"FromCL$325,373per person",349.35
1146232,"FromCL$144,094per person",154.71
1151134,"FromCL$44,623per person",47.91
1277653,"FromCL$269,595per person",289.46
1031223,"FromCL$176,631per person",189.65
1110470,"FromCL$60,426per person",64.88
450696,"FromCL$367,207per person",394.26
739552,"FromCL$278,891per person",299.44
820743,"FromCL$43,255per person",46.44
820800,"FromCL$81,103per person",87.08
1332253,"FromCL$92,964CL$83,667per person",9981487.73
429008,"FromCL$76,230per person",81.85
814140,"FromCL$108,137per person",116.1
848084,"FromCL$185,928per person",199.63
535129,"FromCL$102,260per person",109.79
1226089,NO ENCONTRADO,
828190,"FromCL$70,061per person",75.22
1115199,"FromCL$77,160per person",82.85
413700,"FromCL$97,612per person",104.8
42614,"FromCL$118,994per person",127.76
594189,"FromCL$69,723per person",74.86
1145275,"FromCL$46,462per person",49.89
796851,"FromCL$39,045per person",41.92
999861,"FromCL$181,279per person",194.64
1088018,"FromCL$16,733per person",17.97
1163914,"FromCL$68,955per person",74.04
1225373,"FromCL$91,105per person",97.82
661798,"FromCL$106,908per person",114.79
1005860,"FromCL$218,465per person",234.56
637363,"FromCL$74,371per group up to 2",798.51
1216087,"FromCL$741,851per person",796.51
944215,"FromCL$44,623per person",47.91
850602,"FromCL$176,631per group up to 4",1896.46
922611,"FromCL$119,841per person",128.67
187653,"FromCL$237,058per person",254.53
1113782,"FromCL$183,833per person",197.38
755520,"FromCL$1,080,287per group up to 4",11598.88
1111677,"FromCL$29,499per person",31.67
1270510,"FromCL$43,693per person",46.91
1279605,"FromCL$260,299per person",279.48
851302,"FromCL$65,075per group up to 2",698.7
906929,"FromCL$139,446per group up to 1",1497.21
806277,"FromCL$23,241per person",24.95
837692,"FromCL$36,256CL$29,005per person",3892780.62
844213,"FromCL$432,282per group up to 5",4641.35
852730,"FromCL$56,233per person",60.38
433856,"FromCL$27,889per person",29.94
1093290,"FromCL$107,838per person",115.78
1299687,"FromCL$82,738per person",88.83
334526,"FromCL$57,155per person",61.37
671685,"FromCL$199,872per person",214.6
86228,"FromCL$101,795per person",109.3
982950,"FromCL$148,742per person",159.7
973644,"FromCL$265,876per person",285.47
62362,"FromCL$139,446per person",149.72
978867,"FromCL$30,678per person",32.94
691999,"FromCL$336,529per group up to 5",3613.26
994161,"FromCL$81,250per person",87.24
1125846,"FromCL$72,512CL$65,261per person",7785569.02
1183594,"FromCL$27,889per person",29.94
1270748,"FromCL$266,806per person",286.47
942295,"FromCL$85,428per person",91.72
86525,"FromCL$120,853per person",129.76
893302,"FromCL$743,710per group up to 2",7985.1
942500,"FromCL$117,869per person",126.55
1025466,"FromCL$66,004per person",70.87
652060,"FromCL$57,524per person",61.76
415935,"FromCL$82,598per person",88.68
737268,"FromCL$234,269per person",251.53
1326435,"FromCL$30,678per person",32.94
842159,"FromCL$241,706per group up to 3",2595.16
1150158,"FromCL$55,778per person",59.89
62252,"FromCL$111,557per person",119.78
476341,"FromCL$371,855per person",399.25
1115217,"FromCL$144,094per person",154.71
556838,"FromCL$88,316per person",94.82
591906,"FromCL$183,139per person",196.63
908747,"FromCL$18,593per person",19.96
1146271,"FromCL$144,094per person",154.71
476340,"FromCL$144,094per person",154.71
687261,"FromCL$55,778per person",59.89
732417,"FromCL$64,145per person",68.87
719625,"FromCL$129,220per person",138.74
884830,"FromCL$139,446per person",149.72
601577,"FromCL$73,441per person",78.85
1307292,"FromCL$41,834per person",44.92
1059655,"FromCL$154,463per person",165.84
573623,"FromCL$47,412per person",50.91
593556,"FromCL$65,075per person",69.87
1317762,"FromCL$153,390per person",164.69
997218,"FromCL$213,817per person",229.57
505150,"FromCL$139,446per person",149.72
84978,"FromCL$80,879per person",86.84
1092880,"FromCL$125,501per person",134.75
1206900,"FromCL$643,088per person",690.47
1234230,"FromCL$49,271CL$39,417per person",5290191.8
1145331,"FromCL$127,360per person",136.74
687208,"FromCL$69,723per person",74.86
828232,"FromCL$84,811per person",91.06
849287,"FromCL$88,316per person",94.82
608312,"FromCL$92,964per person",99.81
687171,"FromCL$34,397per person",36.93
1199793,"FromCL$345,697per person",371.17
819281,"FromCL$59,475per person",63.86
1020374,"FromCL$17,663per person",18.96
1146997,"FromCL$97,612per person",104.8
666395,"FromCL$65,075per person",69.87
880451,"FromCL$37,186per person",39.93
476275,"FromCL$50,200per person",53.9
624345,"FromCL$103,190per person",110.79
237742,"FromCL$434,141per person",466.13
1124301,"FromCL$147,812CL$133,031per person",158703553.36
1206145,"FromCL$55,778per person",59.89
1208381,"FromCL$70,289per person",75.47
695907,"FromCL$33,522per person",35.99
960429,"FromCL$39,045per person",41.92
973636,"FromCL$51,130per person",54.9
1251056,"FromCL$176,631per person",189.65
852582,"FromCL$158,038per person",169.68
1325016,"FromCL$158,038per person",169.68
435179,"FromCL$55,778CL$50,200per person",5988849.69
886396,"FromCL$32,537CL$26,030per person",3493474.26
535139,"FromCL$41,834per person",44.92
979718,"FromCL$32,537per person",34.93
546339,"FromCL$106,908per person",114.79
721056,"FromCL$274,243per person",294.45
723195,"FromCL$176,631per person",189.65
732705,"FromCL$223,113per person",239.55
962221,"FromCL$37,186per person",39.93
945019,"FromCL$112,462per person",120.75
1051070,"FromCL$132,009per person",141.74
441065,"FromCL$55,778per person",59.89
442746,"FromCL$41,834CL$38,905per person",4491692.3
661849,"FromCL$227,761per person",244.54
1120958,"FromCL$69,723per person",74.86
1066541,"FromCL$83,667per group up to 1",898.32
179378,"FromCL$41,834per person",44.92
526912,"FromCL$46,482per person",49.91
729136,"FromCL$119,923per person",128.76
1006737,"FromCL$20,546per person",22.06
243077,"FromCL$64,145per person",68.87
1116562,"FromCL$92,186per person",98.98
652201,"FromCL$62,686per person",67.3
1218879,"FromCL$27,889per person",29.94
861911,"FromCL$450,874per person",484.1
944207,"FromCL$37,186per person",39.93
973613,"FromCL$46,482per person",49.91
1185190,"FromCL$89,245per person",95.82
1181746,"FromCL$83,667per person",89.83
829111,"FromCL$193,590per person",207.85
1272413,"FromCL$51,130per person",54.9
728103,"FromCL$64,145per person",68.87
1278326,"FromCL$111,557per person",119.78
416666,"FromCL$53,468per person",57.41
1312313,"FromCL$52,060per person",55.9
922705,"FromCL$195,434per person",209.83
935651,"FromCL$21,382per person",22.96
680093,"FromCL$34,397per person",36.93
1237181,"FromCL$51,651per person",55.46
1025370,"FromCL$119,923per person",128.76
1159879,"FromCL$64,145CL$57,731per person",6887209.35
573085,"FromCL$47,412per person",50.91
85617,"FromCL$39,881per person",42.82
187614,"FromCL$288,188per person",309.42
476296,"FromCL$186,857per person",200.63
482225,"FromCL$136,657per person",146.73
992117,"FromCL$36,256per person",38.93
617652,"FromCL$77,160per person",82.85
1178452,"FromCL$256,276per person",275.16
999584,"FromCL$26,960per person",28.95
1054649,"FromCL$46,482per person",49.91
430355,"FromCL$52,989per person",56.89
1244797,"FromCL$49,271per person",52.9
992853,"FromCL$148,742per group up to 2",1597.02
687242,"FromCL$55,778per person",59.89
1332130,"FromCL$139,353per person",149.62
1113872,"FromCL$274,243per person",294.45
791568,"FromCL$5,578per person",5.99
377619,"FromCL$136,657per person",146.73
1113946,"FromCL$315,147per person",338.37
838971,"FromCL$53,919per group up to 5",578.93
878148,"FromCL$69,723CL$52,292per person",7486104.57
1300008,"FromCL$41,834per person",44.92
522209,"FromCL$309,569per group up to 1",3323.79
206760,"FromCL$409,041per person",439.18
1188028,"FromCL$171,983per person",184.66
790620,"FromCL$103,190per person",110.79
813682,"FromCL$66,934per person",71.87
1242451,"FromCL$140,578per group up to 3",1509.37
887358,"FromCL$74,371per group up to 1",798.51
938851,"FromCL$73,441per person",78.85
1070773,"FromCL$120,853per person",129.76
1135008,"FromCL$111,557per person",119.78
1198827,"FromCL$297,484per person",319.4
1242729,"FromCL$91,105per person",97.82
1204804,"FromCL$148,742per group up to 2",1597.02
400228,"FromCL$306,781per person",329.39
448338,"FromCL$120,853per person",129.76
535164,"FromCL$73,441per person",78.85
585304,"FromCL$55,778per person",59.89
1066333,"FromCL$59,497per person",63.88
944709,"FromCL$124,357per person",133.52
1056606,"FromCL$88,316per person",94.82
87434,"FromCL$119,458per person",128.26
433847,"FromCL$37,186per person",39.93
857407,"FromCL$125,501per person",134.75
882293,"FromCL$55,778per person",59.89
371011,"FromCL$192,435per person",206.61
476204,"FromCL$139,446per person",149.72
1106797,"FromCL$119,923per person",128.76
85614,"FromCL$82,645per person",88.73
573576,"FromCL$7,238per person",7.77
944871,"FromCL$141,659per person",152.1
1278819,"FromCL$51,130per person",54.9
85335,"FromCL$32,537per person",34.93
629014,"FromCL$248,213per person",266.5
939100,"FromCL$57,638per person",61.89
1262499,"FromCL$134,798per person",144.73
968327,"FromCL$1,208,529per group up to 4",12975.79
1079137,"FromCL$139,446per person",149.72
604939,"FromCL$51,130per person",54.9
809083,"FromCL$13,945per person",14.97
939074,"FromCL$102,260per person",109.79
992179,"FromCL$36,256per person",38.93
1227084,"FromCL$60,426per person",64.88
430531,"FromCL$37,186per person",39.93
455525,"FromCL$232,409per person",249.53
874520,"FromCL$46,482per person",49.91
1029962,"FromCL$79,019per person",84.84
1219998,"FromCL$110,627per person",118.78
782645,"FromCL$79,019per person",84.84
385471,"FromCL$40,904per person",43.92
1100785,"FromCL$120,853per group up to 1",1297.58
1253259,"FromCL$212,422per person",228.07
441572,"FromCL$120,853per person",129.76
878895,"FromCL$27,889per person",29.94
932923,"FromCL$136,657per person",146.73
1135658,"FromCL$60,426per person",64.88
896565,"FromCL$413,689per person",444.17
504813,"FromCL$175,702per person",188.65
730505,"FromCL$138,516per person",148.72
1266136,"FromCL$54,849per person",58.89
342516,"FromCL$353,262per person",379.29
275692,"FromCL$172,913per person",185.65
1092555,"FromCL$692,580per person",743.61
561707,"FromCL$41,834per person",44.92
739805,"FromCL$55,778per person",59.89
1130091,"FromCL$110,627per person",118.78
621642,"FromCL$73,441per person",78.85
821841,"FromCL$43,255per person",46.44
442735,"FromCL$65,075per person",69.87
1131745,"FromCL$60,426per person",64.88
687136,"FromCL$32,537per person",34.93
806239,"FromCL$65,075per person",69.87
944229,"FromCL$90,175per person",96.82
1250947,"FromCL$32,537per person",34.93
1191545,"FromCL$195,224per person",209.61
967740,"FromCL$297,484per person",319.4
1066567,"FromCL$111,557per person",119.78
1126796,"FromCL$51,130per person",54.9
992136,"FromCL$54,849per person",58.89
476253,"FromCL$257,510per person",276.48
625122,"FromCL$308,640per person",331.38
652217,"FromCL$111,453per person",119.67
216279,"FromCL$70,652per person",75.86
377789,"FromCL$114,345per person",122.77
1026161,"FromCL$20,452per person",21.96
1028920,"FromCL$120,853per group up to 1",1297.58
851618,"FromCL$83,667per person",89.83
1211386,"FromCL$53,919per person",57.89
998725,"FromCL$40,904per person",43.92
1181936,"FromCL$41,834CL$32,630per person",4491685.56
1213055,"FromCL$395,096per group up to 1",4242.08
1159264,"FromCL$111,557per person",119.78
812904,"FromCL$37,186per group up to 4",399.26
873491,"FromCL$46,482per person",49.91
1023512,"FromCL$218,465per person",234.56
883253,"FromCL$139,446per person",149.72
1290261,"FromCL$122,712per person",131.75
728372,"FromCL$213,817per person",229.57
1108494,"FromCL$138,516CL$124,664per person",148722575.96
419144,"FromCL$103,190per person",110.79
682795,"FromCL$39,045CL$36,312per person",4192238.99
431247,"FromCL$126,431per person",135.75
944213,"FromCL$139,446per person",149.72
478121,"FromCL$136,657per person",146.73
273397,"FromCL$83,667CL$66,934per person",8983265.55
1194015,"FromCL$92,034per person",98.82
840879,"FromCL$46,482per person",49.91
1298979,"FromCL$185,928per person",199.63
1193048,"FromCL$371,855per group up to 3",3992.55
277632,"FromCL$92,964CL$74,371per person",9981477.75
343321,"FromCL$29,655per person",31.84
560364,"FromCL$63,215per person",67.87
1221343,"FromCL$83,667per person",89.83
640324,"FromCL$48,341per person",51.9
396790,"FromCL$184,998per person",198.63
829130,"FromCL$53,468per person",57.41
863666,"FromCL$79,280per person",85.12
811778,"FromCL$43,255per person",46.44
1191111,"FromCL$37,186per person",39.93
1276778,"FromCL$150,601per person",161.7
1288136,"FromCL$74,371per person",79.85
1135144,"FromCL$145,953per person",156.71
1189456,"FromCL$69,723per person",74.86
993593,"FromCL$278,891per person",299.44
661491,"FromCL$119,923per person",128.76
560368,"FromCL$16,733per person",17.97
1189832,"FromCL$60,426per person",64.88
1206994,"FromCL$164,546per person",176.67
1267298,"FromCL$83,667per person",89.83
1311630,"FromCL$38,929per person",41.8
1267501,"FromCL$73,441per person",78.85
944237,"FromCL$139,446per person",149.72
453724,"FromCL$204,520per person",219.59
1030014,"FromCL$69,723per person",74.86
431252,"FromCL$167,335per person",179.66
380584,"FromCL$47,412per person",50.91
652022,"FromCL$76,699per person",82.35
687847,"FromCL$69,723per person",74.86
765423,"FromCL$55,778CL$44,623per person",5988843.7
223215,"FromCL$182,209per person",195.63
1267536,"FromCL$696,299per person",747.61
167528,"FromCL$51,084per person",54.85
700271,"FromCL$69,723per person",74.86
535186,"FromCL$97,612per person",104.8
897443,"FromCL$13,945per person",14.97
83961,"FromCL$36,163per person",38.83
855694,ERROR,
642831,"FromCL$53,468per person",57.41
1213058,"FromCL$270,342per person",290.26
432862,ERROR,
672645,ERROR,
1181863,ERROR,
652049,ERROR,
