pais;ciudad_id;tour_id;titulo_referencia;url
Paraguay;asuncion-l32308;1014179;Asuncion walking;https://www.getyourguide.com/asuncion-l32308/asuncion-walking-tour-with-food-tastings-t1014179/
Paraguay;ciudad-del-este-l150275;1078201;Private round;https://www.getyourguide.com/ciudad-del-este-l150275/private-round-trip-flight-from-asuncion-to-ciudad-del-este-t1078201/
Paraguay;ciudad-del-este-l150275;822664;Paraguay argentina brazil;https://www.getyourguide.com/ciudad-del-este-l150275/paraguay-argentina-brazil-top-highlights-t822664/
Paraguay;asuncion-l32308;1115558;Asuncion walking;https://www.getyourguide.com/asuncion-l32308/asuncion-walking-tour-in-the-city-center-of-asuncion-t1115558/
Paraguay;ciudad-del-este-l150275;643753;Foz do iguacu private airport;https://www.getyourguide.com/ciudad-del-este-l150275/foz-do-iguacu-private-airport-transfer-t643753/
Paraguay;asuncion-l32308;1127917;Asuncion asuncion street food;https://www.getyourguide.com/asuncion-l32308/asuncion-asuncion-street-food-tour-eat-like-a-local-t1127917/
Paraguay;asuncion-l32308;880901;From asuncion cerro vera waterfalls hike with cab;https://www.getyourguide.com/asuncion-l32308/from-asuncion-cerro-vera-waterfalls-hike-with-cab-transport-t880901/
Paraguay;asuncion-l32308;1022398;Asuncion panoramic private airplane flight experience;https://www.getyourguide.com/asuncion-l32308/asuncion-panoramic-private-airplane-flight-experience-t1022398/
Paraguay;asuncion-l32308;1127927;Asuncion;https://www.getyourguide.com/asuncion-l32308/asuncion-to-foz-iguazu-falls-and-the-3-frontiers-in-one-day-t1127927/
Paraguay;asuncion-l32308;477709;Asuncion private custom;https://www.getyourguide.com/asuncion-l32308/asuncion-private-custom-tour-with-a-local-guide-t477709/
Paraguay;ciudad-del-este-l150275;1252240;From brazil argentina iguazu falls paraguay;https://www.getyourguide.com/ciudad-del-este-l150275/from-brazil-argentina-iguazu-falls-paraguay-tour-t1252240/
Paraguay;asuncion-l32308;1124454;Asuncion lake and paraguayan culture;https://www.getyourguide.com/asuncion-l32308/asuncion-lake-and-paraguayan-culture-tour-by-car-t1124454/
Paraguay;asuncion-l32308;1305602;2 day asuncion birdwatching;https://www.getyourguide.com/asuncion-l32308/2-day-asuncion-birdwatching-tour-t1305602/
Paraguay;luque-l205935;875839;Asuncion salto cristal paraguay;https://www.getyourguide.com/luque-l205935/asuncion-salto-cristal-paraguay-t875839/
Paraguay;asuncion-l32308;884085;Full day birding;https://www.getyourguide.com/asuncion-l32308/full-day-birding-tour-manduvira-river-and-paraguay-river-t884085/
Paraguay;ciudad-del-este-l150275;1150817;Puerto iguazu monday falls private guided;https://www.getyourguide.com/ciudad-del-este-l150275/puerto-iguazu-monday-falls-private-guided-tour-with-pickup-t1150817/
Paraguay;paraguari-l221960;1161861;Asuncion exclusive;https://www.getyourguide.com/paraguari-l221960/asuncion-exclusive-tour-of-sacred-art-and-natural-beauty-by-car-t1161861/
Paraguay;asuncion-l32308;1110886;Full day;https://www.getyourguide.com/asuncion-l32308/full-day-tour-iguazu-falls-brazilian-side-from-asuncion-t1110886/
Paraguay;asuncion-l32308;1126346;Asuncion;https://www.getyourguide.com/asuncion-l32308/asuncion-to-ciudad-del-este-adventure-monday-falls-itaipu-and-shopping-t1126346/
Paraguay;asuncion-l32308;1209782;Asuncion;https://www.getyourguide.com/asuncion-l32308/asuncion-tour-of-the-jesuit-ruins-and-playa-de-encarnacion-in-1-day-t1209782/
Paraguay;asuncion-l32308;703025;Asuncion highlights walking;https://www.getyourguide.com/asuncion-l32308/asuncion-highlights-walking-tour-with-a-guide-t703025/
Paraguay;asuncion-l32308;812484;Asuncion airport private;https://www.getyourguide.com/asuncion-l32308/asuncion-airport-private-transfer-from-to-asuncion-city-t812484/
Paraguay;asuncion-l32308;847422;Cerro vera s paredones walk;https://www.getyourguide.com/asuncion-l32308/cerro-vera-s-paredones-walk-t847422/
Paraguay;asuncion-l32308;1161852;5 day birding;https://www.getyourguide.com/asuncion-l32308/5-day-birding-tour-san-rafael-southern-paraguay-paranaense-forest-t1161852/
Paraguay;ciudad-del-este-l150275;1270007;Foz do iguacu full combo itaipu paraguay city;https://www.getyourguide.com/ciudad-del-este-l150275/foz-do-iguacu-full-combo-itaipu-paraguay-city-tour-t1270007/
Paraguay;ciudad-del-este-l150275;630479;Bike;https://www.getyourguide.com/ciudad-del-este-l150275/bike-tour-experience-3-countries-in-one-day-full-day-t630479/
